F-9PXR,I-E3TG
ZXB-VC,D-W7F0
5BTK-M,AJI-MA
MO-GZ5,39P-1J
R5-MM8,NIDJ-K
S-6HHN,Y-OMTZ
CX8-6K,H74-B0
XZ-SKZ,TPAR-G
Y5C-YD,4X0-8B
VR-YIQ,E-DOF2
T-IPZB,6Q-R50
Y-OMTZ,S-6HHN
J-LPX7,C6Y-ZF
K7D-II,A2-V27
E-VKJV,Y5C-YD
ZU-MS3,0-NTIS
GR-J8B,1-NJLK
GY6A-L,R5-MM8
Q-02UL,3-DMQT
8RQJ-2,K4-RFZ
C3N-3S,7-K6UE
E3OI-U,D-3GIQ
UR-E46,MVUO-F
1-2J4P,UEXO-Z
PF-KUQ,N8D9-Z
TPAR-G,XZ-SKZ
QC-YX6,NIDJ-K
D-3GIQ,E3OI-U
E-DOF2,VR-YIQ
W-KQPI,9GNS-2
K4-RFZ,8RQJ-2
N8D9-Z,PF-KUQ
VYO-68,08S-39
Q-JQSG,QX-LIJ
E3OI-U,8-YNBE
35-JWD,LWX-93
Y5C-YD,E-VKJV
R5-MM8,GY6A-L
MG0-RD,M0O-JG
Z-M5A1,48I1-X
M5-CGW,KEE-N6
6Q-R50,4-2UXV
N-8YET,QY6-RK
9GNS-2,W-KQPI
L-FVHR,4X0-8B
F2OY-X,KEJY-U
HIX4-H,PA-VE3
D-3GIQ,HM-XR2
QX-LIJ,Q-JQSG
E2-RDQ,G-Q5JU
PA-VE3,HIX4-H
4X0-8B,L-FVHR
08S-39,CW9-1Y
KEE-N6,M5-CGW
Q-02UL,T-IPZB
L-YMYU,L5D-ZL
HZAQ-W,T-J6HT
NIDJ-K,QC-YX6
3-DMQT,Q-02UL
7G-QIG,IP6V-X
K4-RFZ,JP4-AA
Y-CWQY,VYO-68
1B-VKF,3-DMQT
8-YNBE,E3OI-U
YQX-7U,SVM-3K
TN25-J,TCAG-3
7UTB-F,PS-94K
OY0-2T,EIMJ-M
AJI-MA,5BTK-M
T-M0FA,8WA-Z6
D-W7F0,ZXB-VC
T-IPZB,Q-02UL
8WA-Z6,T-M0FA
6Q-R50,T-IPZB
T5ZI-S,Q-HESZ
G-Q5JU,E2-RDQ
48I1-X,Z-M5A1
QY1E-N,1DQ1-A
1DQ1-A,QY1E-N
EIMJ-M,OY0-2T
IP6V-X,7G-QIG
A2-V27,K7D-II
I-E3TG,F-9PXR
1-NJLK,GR-J8B
C6Y-ZF,J-LPX7
7-K6UE,C3N-3S
8RQJ-2,DG-L7S
5-6QW7,FM-JK5
M0O-JG,MG0-RD
HM-XR2,D-3GIQ
31X-RE,RF-K9W
UEXO-Z,1-2J4P
39P-1J,MO-GZ5
L5D-ZL,L-YMYU
4-2UXV,6Q-R50
NOL-M9,T8T-RA
3-DMQT,1B-VKF
JP4-AA,K4-RFZ
4X0-8B,Y5C-YD
0-NTIS,ZU-MS3
QY6-RK,N-8YET
SVM-3K,YQX-7U
CW9-1Y,08S-39
08S-39,VYO-68
NIDJ-K,R5-MM8
PS-94K,7UTB-F
T-J6HT,HZAQ-W
Q-HESZ,T5ZI-S
LWX-93,35-JWD
RF-K9W,31X-RE
K-6K16,M1BZ-2
L-6BE1,A-BO4V
TCAG-3,TN25-J
DG-L7S,8RQJ-2
FM-JK5,5-6QW7
